<document>
  <properties>
    <title>Changes Tester Project</title>
    <author>Renaud Pawlak</author>
  </properties>
  <body>
         <release version="1.5" date="2012-12-04" description="fix version">
	  <action dev="Benoit cornu" type="fix">allow spoon to work on "big" java 5 programs</action>
    </release>
    <release version="1.4" date="2007-11-09" description="fix version">
	  <action dev="Renaud Pawlak" type="fix">when generating a new class with the substitution API, make sure that the positions are set to null so that the new class is actually printed out (otherwise, the compilation unit misleads the Java printer and the class is not printed)</action>
	  <action dev="Renaud Pawlak" type="fix">migrated to Eclipse 3.3 (fixed generics warnings)</action>
	  <action dev="Renaud Pawlak" type="fix">in substitution: replace default implicit constructor when inserting a parameter-free constructor</action>
      <action dev="Renaud Pawlak" type="fix">fixed null type on string literals when they are within a string concatenation</action>
      <action dev="Renaud Pawlak" type="fix">removed \r in javadoc comment that led to line number issues</action>
      <action dev="Renaud Pawlak" type="add">added a getReferencedTypes method in CtElement</action>
      <action dev="Renaud Pawlak" type="add">added import in compilation units</action>
      <action dev="Renaud Pawlak" type="add">add a spoon.reflect.cu package for compilation units and related classes</action>
      <action dev="Lionel Senturier" type="fix">fixed wrong import in CtTypeReferenceImpl</action>
      <action dev="Renaud Pawlak" type="fix">support for template inheritance in substitution</action>
    </release>
    <release version="1.3" date="2007-06-22" description="fix version">
      <action dev="David Bernard" type="fix">allow compiler to generate bytecode 1.5 (with annotations) - fix a bytecode line number problem when files contain annotations</action>
      <action dev="Renaud Pawlak" type="add" due-to="Lionel Cazenave">metamodel: CtTypedElement and CtModifiable now extend CtElement</action>
      <action dev="Renaud Pawlak">moved the filters to spoon/reflect/visitor/filter to that they can be publically available</action>
      <action dev="Renaud Pawlak and David Bernard" type="add">added CtElement.setPositions</action>
      <action dev="Renaud Pawlak" type="add">filtered source positions that do not belong to the right source file</action>
      <action dev="Renaud Pawlak" type="add">display version number when Spoon starts</action>
    </release>
    <release version="1.2" date="2007-05-04" description="consolidation version">
      <action dev="Renaud Pawlak" type="fix">code cleaning (removed deprecated elements), javadoc</action>
      <action dev="Renaud Pawlak" type="fix">fix bug in compilation units so that they a now actually used to generate the code</action>
      <action dev="Carlos Noguera" type="add">added compilation support for code snippets</action>
      <action dev="Carlos Noguera" type="fix">allow annotation element values to be Class and Class[]</action>
      <action dev="Renaud Pawlak" type="add">added methods to get the end line and column of a source position</action>
      <action dev="Renaud Pawlak" type="add">adjust the line numbers in the generated bytecode so that they correspond to the original source code positions (will make debugging much easier!!)</action>
      <action dev="Renaud Pawlak" type="fix">fix a null parent in array variable length access (was fixed for array fields, but not for variables)</action>
      <action dev="Renaud Pawlak" type="add" due-to="Lionel Cazenave">reportProgressMessage shows in the console under Eclipse (SpoonJDT only)</action>
      <action dev="Nicolas Petitprez" type="add">support for strictfp modifier</action>
      <action dev="Renaud Pawlak" type="add" due-to="Lionel Seinturier">better doc for the CtArrayTypeReference interface (feature request #1826)</action>
      <action dev="Renaud Pawlak" type="add" due-to="Horia Ciu">handle arrays better in template substitution (bug #2121)</action>
      <action dev="Renaud Pawlak" type="add" due-to="Horia Ciu">added a method to get the dimension of an array type reference</action>
      <action dev="Renaud Pawlak" type="fix" due-to="Horia Ciu">fix model builing bug when the condition of a for loop is empty</action>
      <action dev="Renaud Pawlak" type="add" due-to="Horia Ciu">support length and foreach on array template parameters</action>
      <action dev="Renaud Pawlak" type="fix">better support of constructors in the symbolic evaluator</action>
      <action dev="Renaud Pawlak" type="fix">better source position toString()</action>
      <action dev="Renaud Pawlak" type="add">CtExecutableReference.isConstructor()</action>
      <action dev="Renaud Pawlak" type="add">traces to tell what processor is run in verbose mode</action>
    </release>
    <release version="1.1" date="2007-02-13" description="consolidation version">
      <action dev="Renaud Pawlak" type="fix" due-to="Johan Fabry">fix bug #1999 (however, annonymous classes would need to be referencable in future versions)</action>
      <action dev="Renaud Pawlak" type="fix" due-to="Horia Ciu">fix a null parent in field accesses</action>
      <action dev="Renaud Pawlak" type="remove" due-to="Erol Akarsu">do not print implicit default constructors</action>
      <action dev="Renaud Pawlak" type="remove" due-to="Erol Akarsu">do not print implicit calls to super()</action>
      <action dev="Renaud Pawlak" type="fix" due-to="Lionel Seinturier">fixed pretty print bug when multiple initializers in ifs</action>
      <action dev="Renaud Pawlak" type="update" due-to="David Bernard">better handling of exceptions</action>
      <action dev="Renaud Pawlak" type="add" due-to="Lionel Seinturier">support advanced enum syntax</action>
      <action dev="Renaud Pawlak" type="update" due-to="Didier Donsez">getActualClass uses the ClassLoader.loadClass method instead of the Class.forName method</action>
      <action dev="Renaud Pawlak" type="add" due-to="David Bernard">added support for CodeSnippets (expressions and statements) in the metamodel</action>
      <action dev="Renaud Pawlak" type="add">implement the getColumn method in source position and take tabulations into account</action>
      <action dev="Renaud Pawlak" type="update">rename some elements (and deprecate old ones)</action>
      <action dev="Renaud Pawlak" type="fix">fix a bug when multiple bounds in generics declarations</action>
      <action dev="Renaud Pawlak" type="add" due-to="Steve Blackburn">
        add support for fragments: a way to implement transformation at a source-code text level rather than an AST level (can be useful when preferving formatting is required)
      </action>
      <action dev="Renaud Pawlak" type="fix" issue="1588" due-to="Franci and others">fixed bug in the file path of the source position</action>
      <action dev="Renaud Pawlak" type="add">added tabulation configuration in the environment (+command-line and ANT support)</action>
      <action dev="Renaud Pawlak and Didier Donsez" type="add" due-to="Didier Donsez">added a generic processor to annotate the code from annotation specified in an XML file</action>
      <action dev="Renaud Pawlak" type="add">added some compilation and generic processing tests</action>
    </release>
    <release version="1.0" date="2006-09-107" description="initial release (burrito)"></release>
  </body>
</document>